-- Adminer 4.8.1 PostgreSQL 16.6 dump

INSERT INTO "Permission" ("id", "code", "created_at", "updated_at") VALUES
(1,	'read',	'2024-12-23 17:27:44.364134+00',	'2024-12-23 17:27:44.364134+00'),
(2,	'create',	'2024-12-23 17:27:50.355611+00',	'2024-12-23 17:27:50.355611+00'),
(3,	'delete',	'2024-12-23 17:27:59.486353+00',	'2024-12-23 17:27:59.486353+00'),
(4,	'update',	'2024-12-23 17:28:24.759612+00',	'2024-12-23 17:28:24.759612+00');


INSERT INTO "Role" ("id", "name", "created_at", "updated_at") VALUES
(1,	'Administrator',	'2024-12-23 17:27:19.571741+00',	'2024-12-23 17:27:19.571741+00'),
(2,	'Employee',	'2024-12-23 17:27:30.865469+00',	'2024-12-23 17:27:30.865469+00');

INSERT INTO "RolePermission" ("role_id", "permission_id", "createdAt", "updatedAt") VALUES
(1,	1,	'2024-12-23 17:28:56.427346+00',	'2024-12-23 17:28:56.427346+00'),
(1,	2,	'2024-12-23 17:29:01.37584+00',	'2024-12-23 17:29:01.37584+00'),
(1,	3,	'2024-12-23 17:29:07.257869+00',	'2024-12-23 17:29:07.257869+00'),
(1,	4,	'2024-12-23 17:29:14.389812+00',	'2024-12-23 17:29:14.389812+00'),
(2,	1,	'2024-12-23 17:29:20.808832+00',	'2024-12-23 17:29:20.808832+00');

INSERT INTO "Employee" ("id", "name", "email", "start_date", "salary", "password", "role_id", "created_at", "updated_at") VALUES
(1,	'Administrator 1',	'admin1@yopmail.com',	'2024-12-23 17:32:09.299+00',	1000,	'$2b$10$D3xBZkBqZZ33i5.Sxu0Fneoa3DRcCdQI8.pYRqEqbwyTYLNE/LR0y',	1,	'2024-12-23 17:32:09.371+00',	'2024-12-23 17:32:09.371+00'),
(2,	'Employee 1',	'employee1@yopmail.com',	'2024-12-23 17:49:32.713+00',	500,	'$2b$10$RAVFb/Qlyjia5igaYaaOVOnxl3ajVS/Zt5HfPd3KTus9PMriS0p9e',	2,	'2024-12-23 17:49:32.804+00',	'2024-12-23 17:49:32.804+00');

INSERT INTO "Request" ("id", "code", "description", "summary", "employee_id", "created_at", "updated_at") VALUES
(2,	'AA100',	'Maecenas condimentum eget',	'Sed sollicitudin convallis lorem, id dictum ex cur',	2,	'2024-12-23 17:46:01.612+00',	'2024-12-23 17:46:01.612+00'),
(3,	'AA101',	'Maecenas condimentum eget',	'Sed sollicitudin convallis lorem, id dictum ex cur',	2,	'2024-12-23 17:46:01.612+00',	'2024-12-23 17:46:01.612+00'),
(4,	'AA102',	'Maecenas condimentum eget',	'Sed sollicitudin convallis lorem, id dictum ex cur',	2,	'2024-12-23 17:46:01.612+00',	'2024-12-23 17:46:01.612+00'),
(5,	'AA103',	'Maecenas condimentum eget',	'Sed sollicitudin convallis lorem, id dictum ex cur',	2,	'2024-12-23 17:46:01.612+00',	'2024-12-23 17:46:01.612+00'),
(6,	'AA104',	'Maecenas condimentum eget',	'Sed sollicitudin convallis lorem, id dictum ex cur',	2,	'2024-12-23 17:46:01.612+00',	'2024-12-23 17:46:01.612+00'),
(7,	'AA105',	'Maecenas condimentum eget',	'Sed sollicitudin convallis lorem, id dictum ex cur',	2,	'2024-12-23 17:46:01.612+00',	'2024-12-23 17:46:01.612+00'),
(8,	'AA106',	'Maecenas condimentum eget',	'Sed sollicitudin convallis lorem, id dictum ex cur',	2,	'2024-12-23 17:46:01.612+00',	'2024-12-23 17:46:01.612+00'),
(9,	'AA107',	'Maecenas condimentum eget',	'Sed sollicitudin convallis lorem, id dictum ex cur',	2,	'2024-12-23 17:46:01.612+00',	'2024-12-23 17:46:01.612+00'),
(10,	'AA108',	'Maecenas condimentum eget',	'Sed sollicitudin convallis lorem, id dictum ex cur',	2,	'2024-12-23 17:46:01.612+00',	'2024-12-23 17:46:01.612+00'),
(11,	'AA109',	'Maecenas condimentum eget',	'Sed sollicitudin convallis lorem, id dictum ex cur',	2,	'2024-12-23 17:46:01.612+00',	'2024-12-23 17:46:01.612+00'),
(12,	'AA1010',	'Maecenas condimentum eget',	'Sed sollicitudin convallis lorem, id dictum ex cur',	2,	'2024-12-23 17:46:01.612+00',	'2024-12-23 17:46:01.612+00'),
(13,	'AA1011',	'Maecenas condimentum eget',	'Sed sollicitudin convallis lorem, id dictum ex cur',	2,	'2024-12-23 17:46:01.612+00',	'2024-12-23 17:46:01.612+00'),
(14,	'AA1012',	'Maecenas condimentum eget',	'Sed sollicitudin convallis lorem, id dictum ex cur',	2,	'2024-12-23 17:46:01.612+00',	'2024-12-23 17:46:01.612+00'),
(15,	'AA1013',	'Maecenas condimentum eget',	'Sed sollicitudin convallis lorem, id dictum ex cur',	2,	'2024-12-23 17:46:01.612+00',	'2024-12-23 17:46:01.612+00'),
(16,	'AA1014',	'Maecenas condimentum eget',	'Sed sollicitudin convallis lorem, id dictum ex cur',	2,	'2024-12-23 17:46:01.612+00',	'2024-12-23 17:46:01.612+00'),
(17,	'AA1015',	'Maecenas condimentum eget',	'Sed sollicitudin convallis lorem, id dictum ex cur',	2,	'2024-12-23 17:46:01.612+00',	'2024-12-23 17:46:01.612+00'),
(18,	'AA1016',	'Maecenas condimentum eget',	'Sed sollicitudin convallis lorem, id dictum ex cur',	2,	'2024-12-23 17:46:01.612+00',	'2024-12-23 17:46:01.612+00'),
(19,	'AA1017',	'Maecenas condimentum eget',	'Sed sollicitudin convallis lorem, id dictum ex cur',	2,	'2024-12-23 17:46:01.612+00',	'2024-12-23 17:46:01.612+00'),
(20,	'AA1018',	'Maecenas condimentum eget',	'Sed sollicitudin convallis lorem, id dictum ex cur',	2,	'2024-12-23 17:46:01.612+00',	'2024-12-23 17:46:01.612+00'),
(21,	'AA1019',	'Maecenas condimentum eget',	'Sed sollicitudin convallis lorem, id dictum ex cur',	2,	'2024-12-23 17:46:01.612+00',	'2024-12-23 17:46:01.612+00'),
(22,	'AA1020',	'Maecenas condimentum eget',	'Sed sollicitudin convallis lorem, id dictum ex cur',	2,	'2024-12-23 17:46:01.612+00',	'2024-12-23 17:46:01.612+00'),
(23,	'AA1021',	'Maecenas condimentum eget',	'Sed sollicitudin convallis lorem, id dictum ex cur',	2,	'2024-12-23 17:46:01.612+00',	'2024-12-23 17:46:01.612+00'),
(24,	'AA1022',	'Maecenas condimentum eget',	'Sed sollicitudin convallis lorem, id dictum ex cur',	2,	'2024-12-23 17:46:01.612+00',	'2024-12-23 17:46:01.612+00'),
(25,	'AA1023',	'Maecenas condimentum eget',	'Sed sollicitudin convallis lorem, id dictum ex cur',	2,	'2024-12-23 17:46:01.612+00',	'2024-12-23 17:46:01.612+00'),
(26,	'AA1024',	'Maecenas condimentum eget',	'Sed sollicitudin convallis lorem, id dictum ex cur',	2,	'2024-12-23 17:46:01.612+00',	'2024-12-23 17:46:01.612+00'),
(27,	'AA1025',	'Maecenas condimentum eget',	'Sed sollicitudin convallis lorem, id dictum ex cur',	2,	'2024-12-23 17:46:01.612+00',	'2024-12-23 17:46:01.612+00'),
(28,	'AA1026',	'Maecenas condimentum eget',	'Sed sollicitudin convallis lorem, id dictum ex cur',	2,	'2024-12-23 17:46:01.612+00',	'2024-12-23 17:46:01.612+00'),
(29,	'AA1027',	'Maecenas condimentum eget',	'Sed sollicitudin convallis lorem, id dictum ex cur',	2,	'2024-12-23 17:46:01.612+00',	'2024-12-23 17:46:01.612+00'),
(30,	'AA1028',	'Maecenas condimentum eget',	'Sed sollicitudin convallis lorem, id dictum ex cur',	2,	'2024-12-23 17:46:01.612+00',	'2024-12-23 17:46:01.612+00'),
(31,	'AA1029',	'Maecenas condimentum eget',	'Sed sollicitudin convallis lorem, id dictum ex cur',	2,	'2024-12-23 17:46:01.612+00',	'2024-12-23 17:46:01.612+00'),
(32,	'AA1030',	'Maecenas condimentum eget',	'Sed sollicitudin convallis lorem, id dictum ex cur',	2,	'2024-12-23 17:46:01.612+00',	'2024-12-23 17:46:01.612+00'),
(33,	'AA1031',	'Maecenas condimentum eget',	'Sed sollicitudin convallis lorem, id dictum ex cur',	2,	'2024-12-23 17:46:01.612+00',	'2024-12-23 17:46:01.612+00'),
(34,	'AA1032',	'Maecenas condimentum eget',	'Sed sollicitudin convallis lorem, id dictum ex cur',	2,	'2024-12-23 17:46:01.612+00',	'2024-12-23 17:46:01.612+00'),
(35,	'AA1033',	'Maecenas condimentum eget',	'Sed sollicitudin convallis lorem, id dictum ex cur',	2,	'2024-12-23 17:46:01.612+00',	'2024-12-23 17:46:01.612+00'),
(36,	'AA1034',	'Maecenas condimentum eget',	'Sed sollicitudin convallis lorem, id dictum ex cur',	2,	'2024-12-23 17:46:01.612+00',	'2024-12-23 17:46:01.612+00'),
(37,	'AA1035',	'Maecenas condimentum eget',	'Sed sollicitudin convallis lorem, id dictum ex cur',	2,	'2024-12-23 17:46:01.612+00',	'2024-12-23 17:46:01.612+00'),
(38,	'AA1036',	'Maecenas condimentum eget',	'Sed sollicitudin convallis lorem, id dictum ex cur',	2,	'2024-12-23 17:46:01.612+00',	'2024-12-23 17:46:01.612+00'),
(39,	'AA1037',	'Maecenas condimentum eget',	'Sed sollicitudin convallis lorem, id dictum ex cur',	2,	'2024-12-23 17:46:01.612+00',	'2024-12-23 17:46:01.612+00'),
(40,	'AA1038',	'Maecenas condimentum eget',	'Sed sollicitudin convallis lorem, id dictum ex cur',	2,	'2024-12-23 17:46:01.612+00',	'2024-12-23 17:46:01.612+00'),
(41,	'AA1039',	'Maecenas condimentum eget',	'Sed sollicitudin convallis lorem, id dictum ex cur',	2,	'2024-12-23 17:46:01.612+00',	'2024-12-23 17:46:01.612+00'),
(42,	'AA1040',	'Maecenas condimentum eget',	'Sed sollicitudin convallis lorem, id dictum ex cur',	2,	'2024-12-23 17:46:01.612+00',	'2024-12-23 17:46:01.612+00'),
(43,	'AA1041',	'Maecenas condimentum eget',	'Sed sollicitudin convallis lorem, id dictum ex cur',	2,	'2024-12-23 17:46:01.612+00',	'2024-12-23 17:46:01.612+00'),
(44,	'AA1042',	'Maecenas condimentum eget',	'Sed sollicitudin convallis lorem, id dictum ex cur',	2,	'2024-12-23 17:46:01.612+00',	'2024-12-23 17:46:01.612+00'),
(45,	'AA1043',	'Maecenas condimentum eget',	'Sed sollicitudin convallis lorem, id dictum ex cur',	2,	'2024-12-23 17:46:01.612+00',	'2024-12-23 17:46:01.612+00'),
(46,	'AA1044',	'Maecenas condimentum eget',	'Sed sollicitudin convallis lorem, id dictum ex cur',	2,	'2024-12-23 17:46:01.612+00',	'2024-12-23 17:46:01.612+00'),
(47,	'AA1045',	'Maecenas condimentum eget',	'Sed sollicitudin convallis lorem, id dictum ex cur',	2,	'2024-12-23 17:46:01.612+00',	'2024-12-23 17:46:01.612+00'),
(48,	'AA1046',	'Maecenas condimentum eget',	'Sed sollicitudin convallis lorem, id dictum ex cur',	2,	'2024-12-23 17:46:01.612+00',	'2024-12-23 17:46:01.612+00'),
(49,	'AA1047',	'Maecenas condimentum eget',	'Sed sollicitudin convallis lorem, id dictum ex cur',	2,	'2024-12-23 17:46:01.612+00',	'2024-12-23 17:46:01.612+00'),
(50,	'AA1048',	'Maecenas condimentum eget',	'Sed sollicitudin convallis lorem, id dictum ex cur',	2,	'2024-12-23 17:46:01.612+00',	'2024-12-23 17:46:01.612+00'),
(51,	'AA1049',	'Maecenas condimentum eget',	'Sed sollicitudin convallis lorem, id dictum ex cur',	2,	'2024-12-23 17:46:01.612+00',	'2024-12-23 17:46:01.612+00'),
(52,	'AA1050',	'Maecenas condimentum eget',	'Sed sollicitudin convallis lorem, id dictum ex cur',	2,	'2024-12-23 17:46:01.612+00',	'2024-12-23 17:46:01.612+00'),
(53,	'AA1051',	'Maecenas condimentum eget',	'Sed sollicitudin convallis lorem, id dictum ex cur',	2,	'2024-12-23 17:46:01.612+00',	'2024-12-23 17:46:01.612+00'),
(54,	'AA1052',	'Maecenas condimentum eget',	'Sed sollicitudin convallis lorem, id dictum ex cur',	2,	'2024-12-23 17:46:01.612+00',	'2024-12-23 17:46:01.612+00'),
(55,	'AA1053',	'Maecenas condimentum eget',	'Sed sollicitudin convallis lorem, id dictum ex cur',	2,	'2024-12-23 17:46:01.612+00',	'2024-12-23 17:46:01.612+00'),
(56,	'AA1054',	'Maecenas condimentum eget',	'Sed sollicitudin convallis lorem, id dictum ex cur',	2,	'2024-12-23 17:46:01.612+00',	'2024-12-23 17:46:01.612+00'),
(57,	'AA1055',	'Maecenas condimentum eget',	'Sed sollicitudin convallis lorem, id dictum ex cur',	2,	'2024-12-23 17:46:01.612+00',	'2024-12-23 17:46:01.612+00'),
(58,	'AA1056',	'Maecenas condimentum eget',	'Sed sollicitudin convallis lorem, id dictum ex cur',	2,	'2024-12-23 17:46:01.612+00',	'2024-12-23 17:46:01.612+00'),
(59,	'AA1057',	'Maecenas condimentum eget',	'Sed sollicitudin convallis lorem, id dictum ex cur',	2,	'2024-12-23 17:46:01.612+00',	'2024-12-23 17:46:01.612+00'),
(60,	'AA1058',	'Maecenas condimentum eget',	'Sed sollicitudin convallis lorem, id dictum ex cur',	2,	'2024-12-23 17:46:01.612+00',	'2024-12-23 17:46:01.612+00'),
(61,	'AA1059',	'Maecenas condimentum eget',	'Sed sollicitudin convallis lorem, id dictum ex cur',	2,	'2024-12-23 17:46:01.612+00',	'2024-12-23 17:46:01.612+00'),
(62,	'AA1060',	'Maecenas condimentum eget',	'Sed sollicitudin convallis lorem, id dictum ex cur',	2,	'2024-12-23 17:46:01.612+00',	'2024-12-23 17:46:01.612+00'),
(63,	'AA1061',	'Maecenas condimentum eget',	'Sed sollicitudin convallis lorem, id dictum ex cur',	2,	'2024-12-23 17:46:01.612+00',	'2024-12-23 17:46:01.612+00'),
(64,	'AA1062',	'Maecenas condimentum eget',	'Sed sollicitudin convallis lorem, id dictum ex cur',	2,	'2024-12-23 17:46:01.612+00',	'2024-12-23 17:46:01.612+00'),
(65,	'AA1063',	'Maecenas condimentum eget',	'Sed sollicitudin convallis lorem, id dictum ex cur',	2,	'2024-12-23 17:46:01.612+00',	'2024-12-23 17:46:01.612+00'),
(66,	'AA1064',	'Maecenas condimentum eget',	'Sed sollicitudin convallis lorem, id dictum ex cur',	2,	'2024-12-23 17:46:01.612+00',	'2024-12-23 17:46:01.612+00'),
(67,	'AA1065',	'Maecenas condimentum eget',	'Sed sollicitudin convallis lorem, id dictum ex cur',	2,	'2024-12-23 17:46:01.612+00',	'2024-12-23 17:46:01.612+00'),
(68,	'AA1066',	'Maecenas condimentum eget',	'Sed sollicitudin convallis lorem, id dictum ex cur',	2,	'2024-12-23 17:46:01.612+00',	'2024-12-23 17:46:01.612+00'),
(69,	'AA1067',	'Maecenas condimentum eget',	'Sed sollicitudin convallis lorem, id dictum ex cur',	2,	'2024-12-23 17:46:01.612+00',	'2024-12-23 17:46:01.612+00'),
(70,	'AA1068',	'Maecenas condimentum eget',	'Sed sollicitudin convallis lorem, id dictum ex cur',	2,	'2024-12-23 17:46:01.612+00',	'2024-12-23 17:46:01.612+00'),
(71,	'AA1069',	'Maecenas condimentum eget',	'Sed sollicitudin convallis lorem, id dictum ex cur',	2,	'2024-12-23 17:46:01.612+00',	'2024-12-23 17:46:01.612+00'),
(72,	'AA1070',	'Maecenas condimentum eget',	'Sed sollicitudin convallis lorem, id dictum ex cur',	2,	'2024-12-23 17:46:01.612+00',	'2024-12-23 17:46:01.612+00'),
(73,	'AA1071',	'Maecenas condimentum eget',	'Sed sollicitudin convallis lorem, id dictum ex cur',	2,	'2024-12-23 17:46:01.612+00',	'2024-12-23 17:46:01.612+00'),
(74,	'AA1072',	'Maecenas condimentum eget',	'Sed sollicitudin convallis lorem, id dictum ex cur',	2,	'2024-12-23 17:46:01.612+00',	'2024-12-23 17:46:01.612+00'),
(75,	'AA1073',	'Maecenas condimentum eget',	'Sed sollicitudin convallis lorem, id dictum ex cur',	2,	'2024-12-23 17:46:01.612+00',	'2024-12-23 17:46:01.612+00'),
(76,	'AA1074',	'Maecenas condimentum eget',	'Sed sollicitudin convallis lorem, id dictum ex cur',	2,	'2024-12-23 17:46:01.612+00',	'2024-12-23 17:46:01.612+00'),
(77,	'AA1075',	'Maecenas condimentum eget',	'Sed sollicitudin convallis lorem, id dictum ex cur',	2,	'2024-12-23 17:46:01.612+00',	'2024-12-23 17:46:01.612+00'),
(78,	'AA1076',	'Maecenas condimentum eget',	'Sed sollicitudin convallis lorem, id dictum ex cur',	2,	'2024-12-23 17:46:01.612+00',	'2024-12-23 17:46:01.612+00'),
(79,	'AA1077',	'Maecenas condimentum eget',	'Sed sollicitudin convallis lorem, id dictum ex cur',	2,	'2024-12-23 17:46:01.612+00',	'2024-12-23 17:46:01.612+00'),
(80,	'AA1078',	'Maecenas condimentum eget',	'Sed sollicitudin convallis lorem, id dictum ex cur',	2,	'2024-12-23 17:46:01.612+00',	'2024-12-23 17:46:01.612+00'),
(81,	'AA1079',	'Maecenas condimentum eget',	'Sed sollicitudin convallis lorem, id dictum ex cur',	2,	'2024-12-23 17:46:01.612+00',	'2024-12-23 17:46:01.612+00'),
(82,	'AA1080',	'Maecenas condimentum eget',	'Sed sollicitudin convallis lorem, id dictum ex cur',	2,	'2024-12-23 17:46:01.612+00',	'2024-12-23 17:46:01.612+00'),
(83,	'AA1081',	'Maecenas condimentum eget',	'Sed sollicitudin convallis lorem, id dictum ex cur',	2,	'2024-12-23 17:46:01.612+00',	'2024-12-23 17:46:01.612+00'),
(84,	'AA1082',	'Maecenas condimentum eget',	'Sed sollicitudin convallis lorem, id dictum ex cur',	2,	'2024-12-23 17:46:01.612+00',	'2024-12-23 17:46:01.612+00'),
(85,	'AA1083',	'Maecenas condimentum eget',	'Sed sollicitudin convallis lorem, id dictum ex cur',	2,	'2024-12-23 17:46:01.612+00',	'2024-12-23 17:46:01.612+00'),
(86,	'AA1084',	'Maecenas condimentum eget',	'Sed sollicitudin convallis lorem, id dictum ex cur',	2,	'2024-12-23 17:46:01.612+00',	'2024-12-23 17:46:01.612+00'),
(87,	'AA1085',	'Maecenas condimentum eget',	'Sed sollicitudin convallis lorem, id dictum ex cur',	2,	'2024-12-23 17:46:01.612+00',	'2024-12-23 17:46:01.612+00'),
(88,	'AA1086',	'Maecenas condimentum eget',	'Sed sollicitudin convallis lorem, id dictum ex cur',	2,	'2024-12-23 17:46:01.612+00',	'2024-12-23 17:46:01.612+00'),
(89,	'AA1087',	'Maecenas condimentum eget',	'Sed sollicitudin convallis lorem, id dictum ex cur',	2,	'2024-12-23 17:46:01.612+00',	'2024-12-23 17:46:01.612+00'),
(90,	'AA1088',	'Maecenas condimentum eget',	'Sed sollicitudin convallis lorem, id dictum ex cur',	2,	'2024-12-23 17:46:01.612+00',	'2024-12-23 17:46:01.612+00'),
(91,	'AA1089',	'Maecenas condimentum eget',	'Sed sollicitudin convallis lorem, id dictum ex cur',	2,	'2024-12-23 17:46:01.612+00',	'2024-12-23 17:46:01.612+00'),
(92,	'AA1090',	'Maecenas condimentum eget',	'Sed sollicitudin convallis lorem, id dictum ex cur',	2,	'2024-12-23 17:46:01.612+00',	'2024-12-23 17:46:01.612+00'),
(93,	'AA1091',	'Maecenas condimentum eget',	'Sed sollicitudin convallis lorem, id dictum ex cur',	2,	'2024-12-23 17:46:01.612+00',	'2024-12-23 17:46:01.612+00'),
(94,	'AA1092',	'Maecenas condimentum eget',	'Sed sollicitudin convallis lorem, id dictum ex cur',	2,	'2024-12-23 17:46:01.612+00',	'2024-12-23 17:46:01.612+00'),
(95,	'AA1093',	'Maecenas condimentum eget',	'Sed sollicitudin convallis lorem, id dictum ex cur',	2,	'2024-12-23 17:46:01.612+00',	'2024-12-23 17:46:01.612+00'),
(96,	'AA1094',	'Maecenas condimentum eget',	'Sed sollicitudin convallis lorem, id dictum ex cur',	2,	'2024-12-23 17:46:01.612+00',	'2024-12-23 17:46:01.612+00'),
(97,	'AA1095',	'Maecenas condimentum eget',	'Sed sollicitudin convallis lorem, id dictum ex cur',	2,	'2024-12-23 17:46:01.612+00',	'2024-12-23 17:46:01.612+00'),
(98,	'AA1096',	'Maecenas condimentum eget',	'Sed sollicitudin convallis lorem, id dictum ex cur',	2,	'2024-12-23 17:46:01.612+00',	'2024-12-23 17:46:01.612+00'),
(99,	'AA1097',	'Maecenas condimentum eget',	'Sed sollicitudin convallis lorem, id dictum ex cur',	2,	'2024-12-23 17:46:01.612+00',	'2024-12-23 17:46:01.612+00'),
(100,	'AA1098',	'Maecenas condimentum eget',	'Sed sollicitudin convallis lorem, id dictum ex cur',	2,	'2024-12-23 17:46:01.612+00',	'2024-12-23 17:46:01.612+00'),
(101,	'AA1099',	'Maecenas condimentum eget',	'Sed sollicitudin convallis lorem, id dictum ex cur',	2,	'2024-12-23 17:46:01.612+00',	'2024-12-23 17:46:01.612+00'),
(102,	'AA10100',	'Maecenas condimentum eget',	'Sed sollicitudin convallis lorem, id dictum ex cur',	2,	'2024-12-23 17:46:01.612+00',	'2024-12-23 17:46:01.612+00'),
(103,	'AA10101',	'Maecenas condimentum eget',	'Sed sollicitudin convallis lorem, id dictum ex cur',	2,	'2024-12-23 17:46:01.612+00',	'2024-12-23 17:46:01.612+00'),
(104,	'AA10102',	'Maecenas condimentum eget',	'Sed sollicitudin convallis lorem, id dictum ex cur',	2,	'2024-12-23 17:46:01.612+00',	'2024-12-23 17:46:01.612+00'),
(105,	'AA10103',	'Maecenas condimentum eget',	'Sed sollicitudin convallis lorem, id dictum ex cur',	2,	'2024-12-23 17:46:01.612+00',	'2024-12-23 17:46:01.612+00'),
(106,	'AA10104',	'Maecenas condimentum eget',	'Sed sollicitudin convallis lorem, id dictum ex cur',	2,	'2024-12-23 17:46:01.612+00',	'2024-12-23 17:46:01.612+00'),
(107,	'AA10105',	'Maecenas condimentum eget',	'Sed sollicitudin convallis lorem, id dictum ex cur',	2,	'2024-12-23 17:46:01.612+00',	'2024-12-23 17:46:01.612+00'),
(108,	'AA10106',	'Maecenas condimentum eget',	'Sed sollicitudin convallis lorem, id dictum ex cur',	2,	'2024-12-23 17:46:01.612+00',	'2024-12-23 17:46:01.612+00'),
(109,	'AA10107',	'Maecenas condimentum eget',	'Sed sollicitudin convallis lorem, id dictum ex cur',	2,	'2024-12-23 17:46:01.612+00',	'2024-12-23 17:46:01.612+00'),
(110,	'AA10108',	'Maecenas condimentum eget',	'Sed sollicitudin convallis lorem, id dictum ex cur',	2,	'2024-12-23 17:46:01.612+00',	'2024-12-23 17:46:01.612+00'),
(111,	'AA10109',	'Maecenas condimentum eget',	'Sed sollicitudin convallis lorem, id dictum ex cur',	2,	'2024-12-23 17:46:01.612+00',	'2024-12-23 17:46:01.612+00'),
(112,	'AA10110',	'Maecenas condimentum eget',	'Sed sollicitudin convallis lorem, id dictum ex cur',	2,	'2024-12-23 17:46:01.612+00',	'2024-12-23 17:46:01.612+00'),
(113,	'AA10111',	'Maecenas condimentum eget',	'Sed sollicitudin convallis lorem, id dictum ex cur',	2,	'2024-12-23 17:46:01.612+00',	'2024-12-23 17:46:01.612+00'),
(114,	'AA10112',	'Maecenas condimentum eget',	'Sed sollicitudin convallis lorem, id dictum ex cur',	2,	'2024-12-23 17:46:01.612+00',	'2024-12-23 17:46:01.612+00'),
(115,	'AA10113',	'Maecenas condimentum eget',	'Sed sollicitudin convallis lorem, id dictum ex cur',	2,	'2024-12-23 17:46:01.612+00',	'2024-12-23 17:46:01.612+00'),
(116,	'AA10114',	'Maecenas condimentum eget',	'Sed sollicitudin convallis lorem, id dictum ex cur',	2,	'2024-12-23 17:46:01.612+00',	'2024-12-23 17:46:01.612+00'),
(117,	'AA10115',	'Maecenas condimentum eget',	'Sed sollicitudin convallis lorem, id dictum ex cur',	2,	'2024-12-23 17:46:01.612+00',	'2024-12-23 17:46:01.612+00'),
(118,	'AA10116',	'Maecenas condimentum eget',	'Sed sollicitudin convallis lorem, id dictum ex cur',	2,	'2024-12-23 17:46:01.612+00',	'2024-12-23 17:46:01.612+00'),
(119,	'AA10117',	'Maecenas condimentum eget',	'Sed sollicitudin convallis lorem, id dictum ex cur',	2,	'2024-12-23 17:46:01.612+00',	'2024-12-23 17:46:01.612+00'),
(120,	'AA10118',	'Maecenas condimentum eget',	'Sed sollicitudin convallis lorem, id dictum ex cur',	2,	'2024-12-23 17:46:01.612+00',	'2024-12-23 17:46:01.612+00'),
(121,	'AA10119',	'Maecenas condimentum eget',	'Sed sollicitudin convallis lorem, id dictum ex cur',	2,	'2024-12-23 17:46:01.612+00',	'2024-12-23 17:46:01.612+00'),
(122,	'AA10120',	'Maecenas condimentum eget',	'Sed sollicitudin convallis lorem, id dictum ex cur',	2,	'2024-12-23 17:46:01.612+00',	'2024-12-23 17:46:01.612+00'),
(123,	'AA10121',	'Maecenas condimentum eget',	'Sed sollicitudin convallis lorem, id dictum ex cur',	2,	'2024-12-23 17:46:01.612+00',	'2024-12-23 17:46:01.612+00'),
(124,	'AA10122',	'Maecenas condimentum eget',	'Sed sollicitudin convallis lorem, id dictum ex cur',	2,	'2024-12-23 17:46:01.612+00',	'2024-12-23 17:46:01.612+00'),
(125,	'AA10123',	'Maecenas condimentum eget',	'Sed sollicitudin convallis lorem, id dictum ex cur',	2,	'2024-12-23 17:46:01.612+00',	'2024-12-23 17:46:01.612+00'),
(126,	'AA10124',	'Maecenas condimentum eget',	'Sed sollicitudin convallis lorem, id dictum ex cur',	2,	'2024-12-23 17:46:01.612+00',	'2024-12-23 17:46:01.612+00'),
(127,	'AA10125',	'Maecenas condimentum eget',	'Sed sollicitudin convallis lorem, id dictum ex cur',	2,	'2024-12-23 17:46:01.612+00',	'2024-12-23 17:46:01.612+00'),
(128,	'AA10126',	'Maecenas condimentum eget',	'Sed sollicitudin convallis lorem, id dictum ex cur',	2,	'2024-12-23 17:46:01.612+00',	'2024-12-23 17:46:01.612+00'),
(129,	'AA10127',	'Maecenas condimentum eget',	'Sed sollicitudin convallis lorem, id dictum ex cur',	2,	'2024-12-23 17:46:01.612+00',	'2024-12-23 17:46:01.612+00'),
(130,	'AA10128',	'Maecenas condimentum eget',	'Sed sollicitudin convallis lorem, id dictum ex cur',	2,	'2024-12-23 17:46:01.612+00',	'2024-12-23 17:46:01.612+00'),
(131,	'AA10129',	'Maecenas condimentum eget',	'Sed sollicitudin convallis lorem, id dictum ex cur',	2,	'2024-12-23 17:46:01.612+00',	'2024-12-23 17:46:01.612+00'),
(132,	'AA10130',	'Maecenas condimentum eget',	'Sed sollicitudin convallis lorem, id dictum ex cur',	2,	'2024-12-23 17:46:01.612+00',	'2024-12-23 17:46:01.612+00'),
(133,	'AA10131',	'Maecenas condimentum eget',	'Sed sollicitudin convallis lorem, id dictum ex cur',	2,	'2024-12-23 17:46:01.612+00',	'2024-12-23 17:46:01.612+00'),
(134,	'AA10132',	'Maecenas condimentum eget',	'Sed sollicitudin convallis lorem, id dictum ex cur',	2,	'2024-12-23 17:46:01.612+00',	'2024-12-23 17:46:01.612+00'),
(135,	'AA10133',	'Maecenas condimentum eget',	'Sed sollicitudin convallis lorem, id dictum ex cur',	2,	'2024-12-23 17:46:01.612+00',	'2024-12-23 17:46:01.612+00'),
(136,	'AA10134',	'Maecenas condimentum eget',	'Sed sollicitudin convallis lorem, id dictum ex cur',	2,	'2024-12-23 17:46:01.612+00',	'2024-12-23 17:46:01.612+00'),
(137,	'AA10135',	'Maecenas condimentum eget',	'Sed sollicitudin convallis lorem, id dictum ex cur',	2,	'2024-12-23 17:46:01.612+00',	'2024-12-23 17:46:01.612+00'),
(138,	'AA10136',	'Maecenas condimentum eget',	'Sed sollicitudin convallis lorem, id dictum ex cur',	2,	'2024-12-23 17:46:01.612+00',	'2024-12-23 17:46:01.612+00'),
(139,	'AA10137',	'Maecenas condimentum eget',	'Sed sollicitudin convallis lorem, id dictum ex cur',	2,	'2024-12-23 17:46:01.612+00',	'2024-12-23 17:46:01.612+00'),
(140,	'AA10138',	'Maecenas condimentum eget',	'Sed sollicitudin convallis lorem, id dictum ex cur',	2,	'2024-12-23 17:46:01.612+00',	'2024-12-23 17:46:01.612+00'),
(141,	'AA10139',	'Maecenas condimentum eget',	'Sed sollicitudin convallis lorem, id dictum ex cur',	2,	'2024-12-23 17:46:01.612+00',	'2024-12-23 17:46:01.612+00'),
(142,	'AA10140',	'Maecenas condimentum eget',	'Sed sollicitudin convallis lorem, id dictum ex cur',	2,	'2024-12-23 17:46:01.612+00',	'2024-12-23 17:46:01.612+00'),
(143,	'AA10141',	'Maecenas condimentum eget',	'Sed sollicitudin convallis lorem, id dictum ex cur',	2,	'2024-12-23 17:46:01.612+00',	'2024-12-23 17:46:01.612+00'),
(144,	'AA10142',	'Maecenas condimentum eget',	'Sed sollicitudin convallis lorem, id dictum ex cur',	2,	'2024-12-23 17:46:01.612+00',	'2024-12-23 17:46:01.612+00'),
(145,	'AA10143',	'Maecenas condimentum eget',	'Sed sollicitudin convallis lorem, id dictum ex cur',	2,	'2024-12-23 17:46:01.612+00',	'2024-12-23 17:46:01.612+00'),
(146,	'AA10144',	'Maecenas condimentum eget',	'Sed sollicitudin convallis lorem, id dictum ex cur',	2,	'2024-12-23 17:46:01.612+00',	'2024-12-23 17:46:01.612+00'),
(147,	'AA10145',	'Maecenas condimentum eget',	'Sed sollicitudin convallis lorem, id dictum ex cur',	2,	'2024-12-23 17:46:01.612+00',	'2024-12-23 17:46:01.612+00'),
(148,	'AA10146',	'Maecenas condimentum eget',	'Sed sollicitudin convallis lorem, id dictum ex cur',	2,	'2024-12-23 17:46:01.612+00',	'2024-12-23 17:46:01.612+00'),
(149,	'AA10147',	'Maecenas condimentum eget',	'Sed sollicitudin convallis lorem, id dictum ex cur',	2,	'2024-12-23 17:46:01.612+00',	'2024-12-23 17:46:01.612+00'),
(150,	'AA10148',	'Maecenas condimentum eget',	'Sed sollicitudin convallis lorem, id dictum ex cur',	2,	'2024-12-23 17:46:01.612+00',	'2024-12-23 17:46:01.612+00'),
(151,	'AA10149',	'Maecenas condimentum eget',	'Sed sollicitudin convallis lorem, id dictum ex cur',	2,	'2024-12-23 17:46:01.612+00',	'2024-12-23 17:46:01.612+00'),
(152,	'AA10150',	'Maecenas condimentum eget',	'Sed sollicitudin convallis lorem, id dictum ex cur',	2,	'2024-12-23 17:46:01.612+00',	'2024-12-23 17:46:01.612+00'),
(153,	'AA10151',	'Maecenas condimentum eget',	'Sed sollicitudin convallis lorem, id dictum ex cur',	2,	'2024-12-23 17:46:01.612+00',	'2024-12-23 17:46:01.612+00'),
(154,	'AA10152',	'Maecenas condimentum eget',	'Sed sollicitudin convallis lorem, id dictum ex cur',	2,	'2024-12-23 17:46:01.612+00',	'2024-12-23 17:46:01.612+00'),
(155,	'AA10153',	'Maecenas condimentum eget',	'Sed sollicitudin convallis lorem, id dictum ex cur',	2,	'2024-12-23 17:46:01.612+00',	'2024-12-23 17:46:01.612+00'),
(156,	'AA10154',	'Maecenas condimentum eget',	'Sed sollicitudin convallis lorem, id dictum ex cur',	2,	'2024-12-23 17:46:01.612+00',	'2024-12-23 17:46:01.612+00'),
(157,	'AA10155',	'Maecenas condimentum eget',	'Sed sollicitudin convallis lorem, id dictum ex cur',	2,	'2024-12-23 17:46:01.612+00',	'2024-12-23 17:46:01.612+00'),
(158,	'AA10156',	'Maecenas condimentum eget',	'Sed sollicitudin convallis lorem, id dictum ex cur',	2,	'2024-12-23 17:46:01.612+00',	'2024-12-23 17:46:01.612+00'),
(159,	'AA10157',	'Maecenas condimentum eget',	'Sed sollicitudin convallis lorem, id dictum ex cur',	2,	'2024-12-23 17:46:01.612+00',	'2024-12-23 17:46:01.612+00'),
(160,	'AA10158',	'Maecenas condimentum eget',	'Sed sollicitudin convallis lorem, id dictum ex cur',	2,	'2024-12-23 17:46:01.612+00',	'2024-12-23 17:46:01.612+00'),
(161,	'AA10159',	'Maecenas condimentum eget',	'Sed sollicitudin convallis lorem, id dictum ex cur',	2,	'2024-12-23 17:46:01.612+00',	'2024-12-23 17:46:01.612+00'),
(162,	'AA10160',	'Maecenas condimentum eget',	'Sed sollicitudin convallis lorem, id dictum ex cur',	2,	'2024-12-23 17:46:01.612+00',	'2024-12-23 17:46:01.612+00'),
(163,	'AA10161',	'Maecenas condimentum eget',	'Sed sollicitudin convallis lorem, id dictum ex cur',	2,	'2024-12-23 17:46:01.612+00',	'2024-12-23 17:46:01.612+00'),
(164,	'AA10162',	'Maecenas condimentum eget',	'Sed sollicitudin convallis lorem, id dictum ex cur',	2,	'2024-12-23 17:46:01.612+00',	'2024-12-23 17:46:01.612+00'),
(165,	'AA10163',	'Maecenas condimentum eget',	'Sed sollicitudin convallis lorem, id dictum ex cur',	2,	'2024-12-23 17:46:01.612+00',	'2024-12-23 17:46:01.612+00'),
(166,	'AA10164',	'Maecenas condimentum eget',	'Sed sollicitudin convallis lorem, id dictum ex cur',	2,	'2024-12-23 17:46:01.612+00',	'2024-12-23 17:46:01.612+00'),
(167,	'AA10165',	'Maecenas condimentum eget',	'Sed sollicitudin convallis lorem, id dictum ex cur',	2,	'2024-12-23 17:46:01.612+00',	'2024-12-23 17:46:01.612+00'),
(168,	'AA10166',	'Maecenas condimentum eget',	'Sed sollicitudin convallis lorem, id dictum ex cur',	2,	'2024-12-23 17:46:01.612+00',	'2024-12-23 17:46:01.612+00'),
(169,	'AA10167',	'Maecenas condimentum eget',	'Sed sollicitudin convallis lorem, id dictum ex cur',	2,	'2024-12-23 17:46:01.612+00',	'2024-12-23 17:46:01.612+00'),
(170,	'AA10168',	'Maecenas condimentum eget',	'Sed sollicitudin convallis lorem, id dictum ex cur',	2,	'2024-12-23 17:46:01.612+00',	'2024-12-23 17:46:01.612+00'),
(171,	'AA10169',	'Maecenas condimentum eget',	'Sed sollicitudin convallis lorem, id dictum ex cur',	2,	'2024-12-23 17:46:01.612+00',	'2024-12-23 17:46:01.612+00'),
(172,	'AA10170',	'Maecenas condimentum eget',	'Sed sollicitudin convallis lorem, id dictum ex cur',	2,	'2024-12-23 17:46:01.612+00',	'2024-12-23 17:46:01.612+00'),
(173,	'AA10171',	'Maecenas condimentum eget',	'Sed sollicitudin convallis lorem, id dictum ex cur',	2,	'2024-12-23 17:46:01.612+00',	'2024-12-23 17:46:01.612+00'),
(174,	'AA10172',	'Maecenas condimentum eget',	'Sed sollicitudin convallis lorem, id dictum ex cur',	2,	'2024-12-23 17:46:01.612+00',	'2024-12-23 17:46:01.612+00'),
(175,	'AA10173',	'Maecenas condimentum eget',	'Sed sollicitudin convallis lorem, id dictum ex cur',	2,	'2024-12-23 17:46:01.612+00',	'2024-12-23 17:46:01.612+00'),
(176,	'AA10174',	'Maecenas condimentum eget',	'Sed sollicitudin convallis lorem, id dictum ex cur',	2,	'2024-12-23 17:46:01.612+00',	'2024-12-23 17:46:01.612+00'),
(177,	'AA10175',	'Maecenas condimentum eget',	'Sed sollicitudin convallis lorem, id dictum ex cur',	2,	'2024-12-23 17:46:01.612+00',	'2024-12-23 17:46:01.612+00'),
(178,	'AA10176',	'Maecenas condimentum eget',	'Sed sollicitudin convallis lorem, id dictum ex cur',	2,	'2024-12-23 17:46:01.612+00',	'2024-12-23 17:46:01.612+00'),
(179,	'AA10177',	'Maecenas condimentum eget',	'Sed sollicitudin convallis lorem, id dictum ex cur',	2,	'2024-12-23 17:46:01.612+00',	'2024-12-23 17:46:01.612+00'),
(180,	'AA10178',	'Maecenas condimentum eget',	'Sed sollicitudin convallis lorem, id dictum ex cur',	2,	'2024-12-23 17:46:01.612+00',	'2024-12-23 17:46:01.612+00'),
(181,	'AA10179',	'Maecenas condimentum eget',	'Sed sollicitudin convallis lorem, id dictum ex cur',	2,	'2024-12-23 17:46:01.612+00',	'2024-12-23 17:46:01.612+00'),
(182,	'AA10180',	'Maecenas condimentum eget',	'Sed sollicitudin convallis lorem, id dictum ex cur',	2,	'2024-12-23 17:46:01.612+00',	'2024-12-23 17:46:01.612+00'),
(183,	'BB10100',	'Maecenas condimentum eget',	'Sed sollicitudin convallis lorem, id dictum ex cur',	1,	'2024-12-23 17:46:01.612+00',	'2024-12-23 17:46:01.612+00'),
(184,	'BB10101',	'Maecenas condimentum eget',	'Sed sollicitudin convallis lorem, id dictum ex cur',	1,	'2024-12-23 17:46:01.612+00',	'2024-12-23 17:46:01.612+00'),
(185,	'BB10102',	'Maecenas condimentum eget',	'Sed sollicitudin convallis lorem, id dictum ex cur',	1,	'2024-12-23 17:46:01.612+00',	'2024-12-23 17:46:01.612+00'),
(186,	'BB10103',	'Maecenas condimentum eget',	'Sed sollicitudin convallis lorem, id dictum ex cur',	1,	'2024-12-23 17:46:01.612+00',	'2024-12-23 17:46:01.612+00'),
(187,	'BB10104',	'Maecenas condimentum eget',	'Sed sollicitudin convallis lorem, id dictum ex cur',	1,	'2024-12-23 17:46:01.612+00',	'2024-12-23 17:46:01.612+00'),
(188,	'BB10105',	'Maecenas condimentum eget',	'Sed sollicitudin convallis lorem, id dictum ex cur',	1,	'2024-12-23 17:46:01.612+00',	'2024-12-23 17:46:01.612+00'),
(189,	'BB10106',	'Maecenas condimentum eget',	'Sed sollicitudin convallis lorem, id dictum ex cur',	1,	'2024-12-23 17:46:01.612+00',	'2024-12-23 17:46:01.612+00'),
(190,	'BB10107',	'Maecenas condimentum eget',	'Sed sollicitudin convallis lorem, id dictum ex cur',	1,	'2024-12-23 17:46:01.612+00',	'2024-12-23 17:46:01.612+00'),
(191,	'BB10108',	'Maecenas condimentum eget',	'Sed sollicitudin convallis lorem, id dictum ex cur',	1,	'2024-12-23 17:46:01.612+00',	'2024-12-23 17:46:01.612+00'),
(192,	'BB10109',	'Maecenas condimentum eget',	'Sed sollicitudin convallis lorem, id dictum ex cur',	1,	'2024-12-23 17:46:01.612+00',	'2024-12-23 17:46:01.612+00'),
(193,	'BB101010',	'Maecenas condimentum eget',	'Sed sollicitudin convallis lorem, id dictum ex cur',	1,	'2024-12-23 17:46:01.612+00',	'2024-12-23 17:46:01.612+00'),
(194,	'BB101011',	'Maecenas condimentum eget',	'Sed sollicitudin convallis lorem, id dictum ex cur',	1,	'2024-12-23 17:46:01.612+00',	'2024-12-23 17:46:01.612+00'),
(195,	'BB101012',	'Maecenas condimentum eget',	'Sed sollicitudin convallis lorem, id dictum ex cur',	1,	'2024-12-23 17:46:01.612+00',	'2024-12-23 17:46:01.612+00'),
(196,	'BB101013',	'Maecenas condimentum eget',	'Sed sollicitudin convallis lorem, id dictum ex cur',	1,	'2024-12-23 17:46:01.612+00',	'2024-12-23 17:46:01.612+00'),
(197,	'BB101014',	'Maecenas condimentum eget',	'Sed sollicitudin convallis lorem, id dictum ex cur',	1,	'2024-12-23 17:46:01.612+00',	'2024-12-23 17:46:01.612+00'),
(198,	'BB101015',	'Maecenas condimentum eget',	'Sed sollicitudin convallis lorem, id dictum ex cur',	1,	'2024-12-23 17:46:01.612+00',	'2024-12-23 17:46:01.612+00'),
(199,	'BB101016',	'Maecenas condimentum eget',	'Sed sollicitudin convallis lorem, id dictum ex cur',	1,	'2024-12-23 17:46:01.612+00',	'2024-12-23 17:46:01.612+00'),
(200,	'BB101017',	'Maecenas condimentum eget',	'Sed sollicitudin convallis lorem, id dictum ex cur',	1,	'2024-12-23 17:46:01.612+00',	'2024-12-23 17:46:01.612+00'),
(201,	'BB101018',	'Maecenas condimentum eget',	'Sed sollicitudin convallis lorem, id dictum ex cur',	1,	'2024-12-23 17:46:01.612+00',	'2024-12-23 17:46:01.612+00'),
(202,	'BB101019',	'Maecenas condimentum eget',	'Sed sollicitudin convallis lorem, id dictum ex cur',	1,	'2024-12-23 17:46:01.612+00',	'2024-12-23 17:46:01.612+00'),
(203,	'BB101020',	'Maecenas condimentum eget',	'Sed sollicitudin convallis lorem, id dictum ex cur',	1,	'2024-12-23 17:46:01.612+00',	'2024-12-23 17:46:01.612+00'),
(204,	'BB101021',	'Maecenas condimentum eget',	'Sed sollicitudin convallis lorem, id dictum ex cur',	1,	'2024-12-23 17:46:01.612+00',	'2024-12-23 17:46:01.612+00'),
(205,	'BB101022',	'Maecenas condimentum eget',	'Sed sollicitudin convallis lorem, id dictum ex cur',	1,	'2024-12-23 17:46:01.612+00',	'2024-12-23 17:46:01.612+00'),
(206,	'BB101023',	'Maecenas condimentum eget',	'Sed sollicitudin convallis lorem, id dictum ex cur',	1,	'2024-12-23 17:46:01.612+00',	'2024-12-23 17:46:01.612+00'),
(207,	'BB101024',	'Maecenas condimentum eget',	'Sed sollicitudin convallis lorem, id dictum ex cur',	1,	'2024-12-23 17:46:01.612+00',	'2024-12-23 17:46:01.612+00'),
(208,	'BB101025',	'Maecenas condimentum eget',	'Sed sollicitudin convallis lorem, id dictum ex cur',	1,	'2024-12-23 17:46:01.612+00',	'2024-12-23 17:46:01.612+00'),
(209,	'BB101026',	'Maecenas condimentum eget',	'Sed sollicitudin convallis lorem, id dictum ex cur',	1,	'2024-12-23 17:46:01.612+00',	'2024-12-23 17:46:01.612+00'),
(210,	'BB101027',	'Maecenas condimentum eget',	'Sed sollicitudin convallis lorem, id dictum ex cur',	1,	'2024-12-23 17:46:01.612+00',	'2024-12-23 17:46:01.612+00'),
(211,	'BB101028',	'Maecenas condimentum eget',	'Sed sollicitudin convallis lorem, id dictum ex cur',	1,	'2024-12-23 17:46:01.612+00',	'2024-12-23 17:46:01.612+00'),
(212,	'BB101029',	'Maecenas condimentum eget',	'Sed sollicitudin convallis lorem, id dictum ex cur',	1,	'2024-12-23 17:46:01.612+00',	'2024-12-23 17:46:01.612+00'),
(213,	'BB101030',	'Maecenas condimentum eget',	'Sed sollicitudin convallis lorem, id dictum ex cur',	1,	'2024-12-23 17:46:01.612+00',	'2024-12-23 17:46:01.612+00'),
(214,	'BB101031',	'Maecenas condimentum eget',	'Sed sollicitudin convallis lorem, id dictum ex cur',	1,	'2024-12-23 17:46:01.612+00',	'2024-12-23 17:46:01.612+00'),
(215,	'BB101032',	'Maecenas condimentum eget',	'Sed sollicitudin convallis lorem, id dictum ex cur',	1,	'2024-12-23 17:46:01.612+00',	'2024-12-23 17:46:01.612+00'),
(216,	'BB101033',	'Maecenas condimentum eget',	'Sed sollicitudin convallis lorem, id dictum ex cur',	1,	'2024-12-23 17:46:01.612+00',	'2024-12-23 17:46:01.612+00'),
(217,	'BB101034',	'Maecenas condimentum eget',	'Sed sollicitudin convallis lorem, id dictum ex cur',	1,	'2024-12-23 17:46:01.612+00',	'2024-12-23 17:46:01.612+00'),
(218,	'BB101035',	'Maecenas condimentum eget',	'Sed sollicitudin convallis lorem, id dictum ex cur',	1,	'2024-12-23 17:46:01.612+00',	'2024-12-23 17:46:01.612+00'),
(219,	'BB101036',	'Maecenas condimentum eget',	'Sed sollicitudin convallis lorem, id dictum ex cur',	1,	'2024-12-23 17:46:01.612+00',	'2024-12-23 17:46:01.612+00'),
(220,	'BB101037',	'Maecenas condimentum eget',	'Sed sollicitudin convallis lorem, id dictum ex cur',	1,	'2024-12-23 17:46:01.612+00',	'2024-12-23 17:46:01.612+00'),
(221,	'BB101038',	'Maecenas condimentum eget',	'Sed sollicitudin convallis lorem, id dictum ex cur',	1,	'2024-12-23 17:46:01.612+00',	'2024-12-23 17:46:01.612+00'),
(222,	'BB101039',	'Maecenas condimentum eget',	'Sed sollicitudin convallis lorem, id dictum ex cur',	1,	'2024-12-23 17:46:01.612+00',	'2024-12-23 17:46:01.612+00'),
(223,	'BB101040',	'Maecenas condimentum eget',	'Sed sollicitudin convallis lorem, id dictum ex cur',	1,	'2024-12-23 17:46:01.612+00',	'2024-12-23 17:46:01.612+00'),
(224,	'BB101041',	'Maecenas condimentum eget',	'Sed sollicitudin convallis lorem, id dictum ex cur',	1,	'2024-12-23 17:46:01.612+00',	'2024-12-23 17:46:01.612+00'),
(225,	'BB101042',	'Maecenas condimentum eget',	'Sed sollicitudin convallis lorem, id dictum ex cur',	1,	'2024-12-23 17:46:01.612+00',	'2024-12-23 17:46:01.612+00'),
(226,	'BB101043',	'Maecenas condimentum eget',	'Sed sollicitudin convallis lorem, id dictum ex cur',	1,	'2024-12-23 17:46:01.612+00',	'2024-12-23 17:46:01.612+00'),
(227,	'BB101044',	'Maecenas condimentum eget',	'Sed sollicitudin convallis lorem, id dictum ex cur',	1,	'2024-12-23 17:46:01.612+00',	'2024-12-23 17:46:01.612+00'),
(228,	'BB101045',	'Maecenas condimentum eget',	'Sed sollicitudin convallis lorem, id dictum ex cur',	1,	'2024-12-23 17:46:01.612+00',	'2024-12-23 17:46:01.612+00'),
(229,	'BB101046',	'Maecenas condimentum eget',	'Sed sollicitudin convallis lorem, id dictum ex cur',	1,	'2024-12-23 17:46:01.612+00',	'2024-12-23 17:46:01.612+00'),
(230,	'BB101047',	'Maecenas condimentum eget',	'Sed sollicitudin convallis lorem, id dictum ex cur',	1,	'2024-12-23 17:46:01.612+00',	'2024-12-23 17:46:01.612+00'),
(231,	'BB101048',	'Maecenas condimentum eget',	'Sed sollicitudin convallis lorem, id dictum ex cur',	1,	'2024-12-23 17:46:01.612+00',	'2024-12-23 17:46:01.612+00'),
(232,	'BB101049',	'Maecenas condimentum eget',	'Sed sollicitudin convallis lorem, id dictum ex cur',	1,	'2024-12-23 17:46:01.612+00',	'2024-12-23 17:46:01.612+00'),
(233,	'BB101050',	'Maecenas condimentum eget',	'Sed sollicitudin convallis lorem, id dictum ex cur',	1,	'2024-12-23 17:46:01.612+00',	'2024-12-23 17:46:01.612+00'),
(234,	'BB101051',	'Maecenas condimentum eget',	'Sed sollicitudin convallis lorem, id dictum ex cur',	1,	'2024-12-23 17:46:01.612+00',	'2024-12-23 17:46:01.612+00'),
(235,	'BB101052',	'Maecenas condimentum eget',	'Sed sollicitudin convallis lorem, id dictum ex cur',	1,	'2024-12-23 17:46:01.612+00',	'2024-12-23 17:46:01.612+00'),
(236,	'BB101053',	'Maecenas condimentum eget',	'Sed sollicitudin convallis lorem, id dictum ex cur',	1,	'2024-12-23 17:46:01.612+00',	'2024-12-23 17:46:01.612+00'),
(237,	'BB101054',	'Maecenas condimentum eget',	'Sed sollicitudin convallis lorem, id dictum ex cur',	1,	'2024-12-23 17:46:01.612+00',	'2024-12-23 17:46:01.612+00'),
(238,	'BB101055',	'Maecenas condimentum eget',	'Sed sollicitudin convallis lorem, id dictum ex cur',	1,	'2024-12-23 17:46:01.612+00',	'2024-12-23 17:46:01.612+00'),
(239,	'BB101056',	'Maecenas condimentum eget',	'Sed sollicitudin convallis lorem, id dictum ex cur',	1,	'2024-12-23 17:46:01.612+00',	'2024-12-23 17:46:01.612+00'),
(240,	'BB101057',	'Maecenas condimentum eget',	'Sed sollicitudin convallis lorem, id dictum ex cur',	1,	'2024-12-23 17:46:01.612+00',	'2024-12-23 17:46:01.612+00'),
(241,	'BB101058',	'Maecenas condimentum eget',	'Sed sollicitudin convallis lorem, id dictum ex cur',	1,	'2024-12-23 17:46:01.612+00',	'2024-12-23 17:46:01.612+00'),
(242,	'BB101059',	'Maecenas condimentum eget',	'Sed sollicitudin convallis lorem, id dictum ex cur',	1,	'2024-12-23 17:46:01.612+00',	'2024-12-23 17:46:01.612+00'),
(243,	'BB101060',	'Maecenas condimentum eget',	'Sed sollicitudin convallis lorem, id dictum ex cur',	1,	'2024-12-23 17:46:01.612+00',	'2024-12-23 17:46:01.612+00'),
(244,	'BB101061',	'Maecenas condimentum eget',	'Sed sollicitudin convallis lorem, id dictum ex cur',	1,	'2024-12-23 17:46:01.612+00',	'2024-12-23 17:46:01.612+00'),
(245,	'BB101062',	'Maecenas condimentum eget',	'Sed sollicitudin convallis lorem, id dictum ex cur',	1,	'2024-12-23 17:46:01.612+00',	'2024-12-23 17:46:01.612+00'),
(246,	'BB101063',	'Maecenas condimentum eget',	'Sed sollicitudin convallis lorem, id dictum ex cur',	1,	'2024-12-23 17:46:01.612+00',	'2024-12-23 17:46:01.612+00'),
(247,	'BB101064',	'Maecenas condimentum eget',	'Sed sollicitudin convallis lorem, id dictum ex cur',	1,	'2024-12-23 17:46:01.612+00',	'2024-12-23 17:46:01.612+00'),
(248,	'BB101065',	'Maecenas condimentum eget',	'Sed sollicitudin convallis lorem, id dictum ex cur',	1,	'2024-12-23 17:46:01.612+00',	'2024-12-23 17:46:01.612+00'),
(249,	'BB101066',	'Maecenas condimentum eget',	'Sed sollicitudin convallis lorem, id dictum ex cur',	1,	'2024-12-23 17:46:01.612+00',	'2024-12-23 17:46:01.612+00'),
(250,	'BB101067',	'Maecenas condimentum eget',	'Sed sollicitudin convallis lorem, id dictum ex cur',	1,	'2024-12-23 17:46:01.612+00',	'2024-12-23 17:46:01.612+00'),
(251,	'BB101068',	'Maecenas condimentum eget',	'Sed sollicitudin convallis lorem, id dictum ex cur',	1,	'2024-12-23 17:46:01.612+00',	'2024-12-23 17:46:01.612+00'),
(252,	'BB101069',	'Maecenas condimentum eget',	'Sed sollicitudin convallis lorem, id dictum ex cur',	1,	'2024-12-23 17:46:01.612+00',	'2024-12-23 17:46:01.612+00'),
(253,	'BB101070',	'Maecenas condimentum eget',	'Sed sollicitudin convallis lorem, id dictum ex cur',	1,	'2024-12-23 17:46:01.612+00',	'2024-12-23 17:46:01.612+00'),
(254,	'BB101071',	'Maecenas condimentum eget',	'Sed sollicitudin convallis lorem, id dictum ex cur',	1,	'2024-12-23 17:46:01.612+00',	'2024-12-23 17:46:01.612+00'),
(255,	'BB101072',	'Maecenas condimentum eget',	'Sed sollicitudin convallis lorem, id dictum ex cur',	1,	'2024-12-23 17:46:01.612+00',	'2024-12-23 17:46:01.612+00'),
(256,	'BB101073',	'Maecenas condimentum eget',	'Sed sollicitudin convallis lorem, id dictum ex cur',	1,	'2024-12-23 17:46:01.612+00',	'2024-12-23 17:46:01.612+00'),
(257,	'BB101074',	'Maecenas condimentum eget',	'Sed sollicitudin convallis lorem, id dictum ex cur',	1,	'2024-12-23 17:46:01.612+00',	'2024-12-23 17:46:01.612+00'),
(258,	'BB101075',	'Maecenas condimentum eget',	'Sed sollicitudin convallis lorem, id dictum ex cur',	1,	'2024-12-23 17:46:01.612+00',	'2024-12-23 17:46:01.612+00'),
(259,	'BB101076',	'Maecenas condimentum eget',	'Sed sollicitudin convallis lorem, id dictum ex cur',	1,	'2024-12-23 17:46:01.612+00',	'2024-12-23 17:46:01.612+00'),
(260,	'BB101077',	'Maecenas condimentum eget',	'Sed sollicitudin convallis lorem, id dictum ex cur',	1,	'2024-12-23 17:46:01.612+00',	'2024-12-23 17:46:01.612+00'),
(261,	'BB101078',	'Maecenas condimentum eget',	'Sed sollicitudin convallis lorem, id dictum ex cur',	1,	'2024-12-23 17:46:01.612+00',	'2024-12-23 17:46:01.612+00'),
(262,	'BB101079',	'Maecenas condimentum eget',	'Sed sollicitudin convallis lorem, id dictum ex cur',	1,	'2024-12-23 17:46:01.612+00',	'2024-12-23 17:46:01.612+00'),
(263,	'BB101080',	'Maecenas condimentum eget',	'Sed sollicitudin convallis lorem, id dictum ex cur',	1,	'2024-12-23 17:46:01.612+00',	'2024-12-23 17:46:01.612+00'),
(264,	'BB101081',	'Maecenas condimentum eget',	'Sed sollicitudin convallis lorem, id dictum ex cur',	1,	'2024-12-23 17:46:01.612+00',	'2024-12-23 17:46:01.612+00'),
(265,	'BB101082',	'Maecenas condimentum eget',	'Sed sollicitudin convallis lorem, id dictum ex cur',	1,	'2024-12-23 17:46:01.612+00',	'2024-12-23 17:46:01.612+00'),
(266,	'BB101083',	'Maecenas condimentum eget',	'Sed sollicitudin convallis lorem, id dictum ex cur',	1,	'2024-12-23 17:46:01.612+00',	'2024-12-23 17:46:01.612+00'),
(267,	'BB101084',	'Maecenas condimentum eget',	'Sed sollicitudin convallis lorem, id dictum ex cur',	1,	'2024-12-23 17:46:01.612+00',	'2024-12-23 17:46:01.612+00'),
(268,	'BB101085',	'Maecenas condimentum eget',	'Sed sollicitudin convallis lorem, id dictum ex cur',	1,	'2024-12-23 17:46:01.612+00',	'2024-12-23 17:46:01.612+00'),
(269,	'BB101086',	'Maecenas condimentum eget',	'Sed sollicitudin convallis lorem, id dictum ex cur',	1,	'2024-12-23 17:46:01.612+00',	'2024-12-23 17:46:01.612+00'),
(270,	'BB101087',	'Maecenas condimentum eget',	'Sed sollicitudin convallis lorem, id dictum ex cur',	1,	'2024-12-23 17:46:01.612+00',	'2024-12-23 17:46:01.612+00'),
(271,	'BB101088',	'Maecenas condimentum eget',	'Sed sollicitudin convallis lorem, id dictum ex cur',	1,	'2024-12-23 17:46:01.612+00',	'2024-12-23 17:46:01.612+00'),
(272,	'BB101089',	'Maecenas condimentum eget',	'Sed sollicitudin convallis lorem, id dictum ex cur',	1,	'2024-12-23 17:46:01.612+00',	'2024-12-23 17:46:01.612+00'),
(273,	'BB101090',	'Maecenas condimentum eget',	'Sed sollicitudin convallis lorem, id dictum ex cur',	1,	'2024-12-23 17:46:01.612+00',	'2024-12-23 17:46:01.612+00'),
(274,	'BB101091',	'Maecenas condimentum eget',	'Sed sollicitudin convallis lorem, id dictum ex cur',	1,	'2024-12-23 17:46:01.612+00',	'2024-12-23 17:46:01.612+00'),
(275,	'BB101092',	'Maecenas condimentum eget',	'Sed sollicitudin convallis lorem, id dictum ex cur',	1,	'2024-12-23 17:46:01.612+00',	'2024-12-23 17:46:01.612+00'),
(276,	'BB101093',	'Maecenas condimentum eget',	'Sed sollicitudin convallis lorem, id dictum ex cur',	1,	'2024-12-23 17:46:01.612+00',	'2024-12-23 17:46:01.612+00'),
(277,	'BB101094',	'Maecenas condimentum eget',	'Sed sollicitudin convallis lorem, id dictum ex cur',	1,	'2024-12-23 17:46:01.612+00',	'2024-12-23 17:46:01.612+00'),
(278,	'BB101095',	'Maecenas condimentum eget',	'Sed sollicitudin convallis lorem, id dictum ex cur',	1,	'2024-12-23 17:46:01.612+00',	'2024-12-23 17:46:01.612+00'),
(279,	'BB101096',	'Maecenas condimentum eget',	'Sed sollicitudin convallis lorem, id dictum ex cur',	1,	'2024-12-23 17:46:01.612+00',	'2024-12-23 17:46:01.612+00'),
(280,	'BB101097',	'Maecenas condimentum eget',	'Sed sollicitudin convallis lorem, id dictum ex cur',	1,	'2024-12-23 17:46:01.612+00',	'2024-12-23 17:46:01.612+00'),
(281,	'BB101098',	'Maecenas condimentum eget',	'Sed sollicitudin convallis lorem, id dictum ex cur',	1,	'2024-12-23 17:46:01.612+00',	'2024-12-23 17:46:01.612+00'),
(282,	'BB101099',	'Maecenas condimentum eget',	'Sed sollicitudin convallis lorem, id dictum ex cur',	1,	'2024-12-23 17:46:01.612+00',	'2024-12-23 17:46:01.612+00'),
(283,	'BB1010100',	'Maecenas condimentum eget',	'Sed sollicitudin convallis lorem, id dictum ex cur',	1,	'2024-12-23 17:46:01.612+00',	'2024-12-23 17:46:01.612+00'),
(284,	'BB1010101',	'Maecenas condimentum eget',	'Sed sollicitudin convallis lorem, id dictum ex cur',	1,	'2024-12-23 17:46:01.612+00',	'2024-12-23 17:46:01.612+00'),
(285,	'BB1010102',	'Maecenas condimentum eget',	'Sed sollicitudin convallis lorem, id dictum ex cur',	1,	'2024-12-23 17:46:01.612+00',	'2024-12-23 17:46:01.612+00'),
(286,	'BB1010103',	'Maecenas condimentum eget',	'Sed sollicitudin convallis lorem, id dictum ex cur',	1,	'2024-12-23 17:46:01.612+00',	'2024-12-23 17:46:01.612+00'),
(287,	'BB1010104',	'Maecenas condimentum eget',	'Sed sollicitudin convallis lorem, id dictum ex cur',	1,	'2024-12-23 17:46:01.612+00',	'2024-12-23 17:46:01.612+00'),
(288,	'BB1010105',	'Maecenas condimentum eget',	'Sed sollicitudin convallis lorem, id dictum ex cur',	1,	'2024-12-23 17:46:01.612+00',	'2024-12-23 17:46:01.612+00'),
(289,	'BB1010106',	'Maecenas condimentum eget',	'Sed sollicitudin convallis lorem, id dictum ex cur',	1,	'2024-12-23 17:46:01.612+00',	'2024-12-23 17:46:01.612+00'),
(290,	'BB1010107',	'Maecenas condimentum eget',	'Sed sollicitudin convallis lorem, id dictum ex cur',	1,	'2024-12-23 17:46:01.612+00',	'2024-12-23 17:46:01.612+00'),
(291,	'BB1010108',	'Maecenas condimentum eget',	'Sed sollicitudin convallis lorem, id dictum ex cur',	1,	'2024-12-23 17:46:01.612+00',	'2024-12-23 17:46:01.612+00'),
(292,	'BB1010109',	'Maecenas condimentum eget',	'Sed sollicitudin convallis lorem, id dictum ex cur',	1,	'2024-12-23 17:46:01.612+00',	'2024-12-23 17:46:01.612+00'),
(293,	'BB1010110',	'Maecenas condimentum eget',	'Sed sollicitudin convallis lorem, id dictum ex cur',	1,	'2024-12-23 17:46:01.612+00',	'2024-12-23 17:46:01.612+00'),
(294,	'BB1010111',	'Maecenas condimentum eget',	'Sed sollicitudin convallis lorem, id dictum ex cur',	1,	'2024-12-23 17:46:01.612+00',	'2024-12-23 17:46:01.612+00'),
(295,	'BB1010112',	'Maecenas condimentum eget',	'Sed sollicitudin convallis lorem, id dictum ex cur',	1,	'2024-12-23 17:46:01.612+00',	'2024-12-23 17:46:01.612+00'),
(296,	'BB1010113',	'Maecenas condimentum eget',	'Sed sollicitudin convallis lorem, id dictum ex cur',	1,	'2024-12-23 17:46:01.612+00',	'2024-12-23 17:46:01.612+00'),
(297,	'BB1010114',	'Maecenas condimentum eget',	'Sed sollicitudin convallis lorem, id dictum ex cur',	1,	'2024-12-23 17:46:01.612+00',	'2024-12-23 17:46:01.612+00'),
(298,	'BB1010115',	'Maecenas condimentum eget',	'Sed sollicitudin convallis lorem, id dictum ex cur',	1,	'2024-12-23 17:46:01.612+00',	'2024-12-23 17:46:01.612+00'),
(299,	'BB1010116',	'Maecenas condimentum eget',	'Sed sollicitudin convallis lorem, id dictum ex cur',	1,	'2024-12-23 17:46:01.612+00',	'2024-12-23 17:46:01.612+00'),
(300,	'BB1010117',	'Maecenas condimentum eget',	'Sed sollicitudin convallis lorem, id dictum ex cur',	1,	'2024-12-23 17:46:01.612+00',	'2024-12-23 17:46:01.612+00'),
(301,	'BB1010118',	'Maecenas condimentum eget',	'Sed sollicitudin convallis lorem, id dictum ex cur',	1,	'2024-12-23 17:46:01.612+00',	'2024-12-23 17:46:01.612+00'),
(302,	'BB1010119',	'Maecenas condimentum eget',	'Sed sollicitudin convallis lorem, id dictum ex cur',	1,	'2024-12-23 17:46:01.612+00',	'2024-12-23 17:46:01.612+00'),
(303,	'BB1010120',	'Maecenas condimentum eget',	'Sed sollicitudin convallis lorem, id dictum ex cur',	1,	'2024-12-23 17:46:01.612+00',	'2024-12-23 17:46:01.612+00'),
(304,	'BB1010121',	'Maecenas condimentum eget',	'Sed sollicitudin convallis lorem, id dictum ex cur',	1,	'2024-12-23 17:46:01.612+00',	'2024-12-23 17:46:01.612+00'),
(305,	'BB1010122',	'Maecenas condimentum eget',	'Sed sollicitudin convallis lorem, id dictum ex cur',	1,	'2024-12-23 17:46:01.612+00',	'2024-12-23 17:46:01.612+00'),
(306,	'BB1010123',	'Maecenas condimentum eget',	'Sed sollicitudin convallis lorem, id dictum ex cur',	1,	'2024-12-23 17:46:01.612+00',	'2024-12-23 17:46:01.612+00'),
(307,	'BB1010124',	'Maecenas condimentum eget',	'Sed sollicitudin convallis lorem, id dictum ex cur',	1,	'2024-12-23 17:46:01.612+00',	'2024-12-23 17:46:01.612+00'),
(308,	'BB1010125',	'Maecenas condimentum eget',	'Sed sollicitudin convallis lorem, id dictum ex cur',	1,	'2024-12-23 17:46:01.612+00',	'2024-12-23 17:46:01.612+00'),
(309,	'BB1010126',	'Maecenas condimentum eget',	'Sed sollicitudin convallis lorem, id dictum ex cur',	1,	'2024-12-23 17:46:01.612+00',	'2024-12-23 17:46:01.612+00'),
(310,	'BB1010127',	'Maecenas condimentum eget',	'Sed sollicitudin convallis lorem, id dictum ex cur',	1,	'2024-12-23 17:46:01.612+00',	'2024-12-23 17:46:01.612+00'),
(311,	'BB1010128',	'Maecenas condimentum eget',	'Sed sollicitudin convallis lorem, id dictum ex cur',	1,	'2024-12-23 17:46:01.612+00',	'2024-12-23 17:46:01.612+00'),
(312,	'BB1010129',	'Maecenas condimentum eget',	'Sed sollicitudin convallis lorem, id dictum ex cur',	1,	'2024-12-23 17:46:01.612+00',	'2024-12-23 17:46:01.612+00'),
(313,	'BB1010130',	'Maecenas condimentum eget',	'Sed sollicitudin convallis lorem, id dictum ex cur',	1,	'2024-12-23 17:46:01.612+00',	'2024-12-23 17:46:01.612+00'),
(314,	'BB1010131',	'Maecenas condimentum eget',	'Sed sollicitudin convallis lorem, id dictum ex cur',	1,	'2024-12-23 17:46:01.612+00',	'2024-12-23 17:46:01.612+00'),
(315,	'BB1010132',	'Maecenas condimentum eget',	'Sed sollicitudin convallis lorem, id dictum ex cur',	1,	'2024-12-23 17:46:01.612+00',	'2024-12-23 17:46:01.612+00'),
(316,	'BB1010133',	'Maecenas condimentum eget',	'Sed sollicitudin convallis lorem, id dictum ex cur',	1,	'2024-12-23 17:46:01.612+00',	'2024-12-23 17:46:01.612+00'),
(317,	'BB1010134',	'Maecenas condimentum eget',	'Sed sollicitudin convallis lorem, id dictum ex cur',	1,	'2024-12-23 17:46:01.612+00',	'2024-12-23 17:46:01.612+00'),
(318,	'BB1010135',	'Maecenas condimentum eget',	'Sed sollicitudin convallis lorem, id dictum ex cur',	1,	'2024-12-23 17:46:01.612+00',	'2024-12-23 17:46:01.612+00'),
(319,	'BB1010136',	'Maecenas condimentum eget',	'Sed sollicitudin convallis lorem, id dictum ex cur',	1,	'2024-12-23 17:46:01.612+00',	'2024-12-23 17:46:01.612+00'),
(320,	'BB1010137',	'Maecenas condimentum eget',	'Sed sollicitudin convallis lorem, id dictum ex cur',	1,	'2024-12-23 17:46:01.612+00',	'2024-12-23 17:46:01.612+00'),
(321,	'BB1010138',	'Maecenas condimentum eget',	'Sed sollicitudin convallis lorem, id dictum ex cur',	1,	'2024-12-23 17:46:01.612+00',	'2024-12-23 17:46:01.612+00'),
(322,	'BB1010139',	'Maecenas condimentum eget',	'Sed sollicitudin convallis lorem, id dictum ex cur',	1,	'2024-12-23 17:46:01.612+00',	'2024-12-23 17:46:01.612+00'),
(323,	'BB1010140',	'Maecenas condimentum eget',	'Sed sollicitudin convallis lorem, id dictum ex cur',	1,	'2024-12-23 17:46:01.612+00',	'2024-12-23 17:46:01.612+00'),
(324,	'BB1010141',	'Maecenas condimentum eget',	'Sed sollicitudin convallis lorem, id dictum ex cur',	1,	'2024-12-23 17:46:01.612+00',	'2024-12-23 17:46:01.612+00'),
(325,	'BB1010142',	'Maecenas condimentum eget',	'Sed sollicitudin convallis lorem, id dictum ex cur',	1,	'2024-12-23 17:46:01.612+00',	'2024-12-23 17:46:01.612+00'),
(326,	'BB1010143',	'Maecenas condimentum eget',	'Sed sollicitudin convallis lorem, id dictum ex cur',	1,	'2024-12-23 17:46:01.612+00',	'2024-12-23 17:46:01.612+00'),
(327,	'BB1010144',	'Maecenas condimentum eget',	'Sed sollicitudin convallis lorem, id dictum ex cur',	1,	'2024-12-23 17:46:01.612+00',	'2024-12-23 17:46:01.612+00'),
(328,	'BB1010145',	'Maecenas condimentum eget',	'Sed sollicitudin convallis lorem, id dictum ex cur',	1,	'2024-12-23 17:46:01.612+00',	'2024-12-23 17:46:01.612+00'),
(329,	'BB1010146',	'Maecenas condimentum eget',	'Sed sollicitudin convallis lorem, id dictum ex cur',	1,	'2024-12-23 17:46:01.612+00',	'2024-12-23 17:46:01.612+00'),
(330,	'BB1010147',	'Maecenas condimentum eget',	'Sed sollicitudin convallis lorem, id dictum ex cur',	1,	'2024-12-23 17:46:01.612+00',	'2024-12-23 17:46:01.612+00'),
(331,	'BB1010148',	'Maecenas condimentum eget',	'Sed sollicitudin convallis lorem, id dictum ex cur',	1,	'2024-12-23 17:46:01.612+00',	'2024-12-23 17:46:01.612+00'),
(332,	'BB1010149',	'Maecenas condimentum eget',	'Sed sollicitudin convallis lorem, id dictum ex cur',	1,	'2024-12-23 17:46:01.612+00',	'2024-12-23 17:46:01.612+00'),
(333,	'BB1010150',	'Maecenas condimentum eget',	'Sed sollicitudin convallis lorem, id dictum ex cur',	1,	'2024-12-23 17:46:01.612+00',	'2024-12-23 17:46:01.612+00'),
(334,	'BB1010151',	'Maecenas condimentum eget',	'Sed sollicitudin convallis lorem, id dictum ex cur',	1,	'2024-12-23 17:46:01.612+00',	'2024-12-23 17:46:01.612+00'),
(335,	'BB1010152',	'Maecenas condimentum eget',	'Sed sollicitudin convallis lorem, id dictum ex cur',	1,	'2024-12-23 17:46:01.612+00',	'2024-12-23 17:46:01.612+00'),
(336,	'BB1010153',	'Maecenas condimentum eget',	'Sed sollicitudin convallis lorem, id dictum ex cur',	1,	'2024-12-23 17:46:01.612+00',	'2024-12-23 17:46:01.612+00'),
(337,	'BB1010154',	'Maecenas condimentum eget',	'Sed sollicitudin convallis lorem, id dictum ex cur',	1,	'2024-12-23 17:46:01.612+00',	'2024-12-23 17:46:01.612+00'),
(338,	'BB1010155',	'Maecenas condimentum eget',	'Sed sollicitudin convallis lorem, id dictum ex cur',	1,	'2024-12-23 17:46:01.612+00',	'2024-12-23 17:46:01.612+00'),
(339,	'BB1010156',	'Maecenas condimentum eget',	'Sed sollicitudin convallis lorem, id dictum ex cur',	1,	'2024-12-23 17:46:01.612+00',	'2024-12-23 17:46:01.612+00'),
(340,	'BB1010157',	'Maecenas condimentum eget',	'Sed sollicitudin convallis lorem, id dictum ex cur',	1,	'2024-12-23 17:46:01.612+00',	'2024-12-23 17:46:01.612+00'),
(341,	'BB1010158',	'Maecenas condimentum eget',	'Sed sollicitudin convallis lorem, id dictum ex cur',	1,	'2024-12-23 17:46:01.612+00',	'2024-12-23 17:46:01.612+00'),
(342,	'BB1010159',	'Maecenas condimentum eget',	'Sed sollicitudin convallis lorem, id dictum ex cur',	1,	'2024-12-23 17:46:01.612+00',	'2024-12-23 17:46:01.612+00'),
(343,	'BB1010160',	'Maecenas condimentum eget',	'Sed sollicitudin convallis lorem, id dictum ex cur',	1,	'2024-12-23 17:46:01.612+00',	'2024-12-23 17:46:01.612+00'),
(344,	'BB1010161',	'Maecenas condimentum eget',	'Sed sollicitudin convallis lorem, id dictum ex cur',	1,	'2024-12-23 17:46:01.612+00',	'2024-12-23 17:46:01.612+00'),
(345,	'BB1010162',	'Maecenas condimentum eget',	'Sed sollicitudin convallis lorem, id dictum ex cur',	1,	'2024-12-23 17:46:01.612+00',	'2024-12-23 17:46:01.612+00'),
(346,	'BB1010163',	'Maecenas condimentum eget',	'Sed sollicitudin convallis lorem, id dictum ex cur',	1,	'2024-12-23 17:46:01.612+00',	'2024-12-23 17:46:01.612+00'),
(347,	'BB1010164',	'Maecenas condimentum eget',	'Sed sollicitudin convallis lorem, id dictum ex cur',	1,	'2024-12-23 17:46:01.612+00',	'2024-12-23 17:46:01.612+00'),
(348,	'BB1010165',	'Maecenas condimentum eget',	'Sed sollicitudin convallis lorem, id dictum ex cur',	1,	'2024-12-23 17:46:01.612+00',	'2024-12-23 17:46:01.612+00'),
(349,	'BB1010166',	'Maecenas condimentum eget',	'Sed sollicitudin convallis lorem, id dictum ex cur',	1,	'2024-12-23 17:46:01.612+00',	'2024-12-23 17:46:01.612+00'),
(350,	'BB1010167',	'Maecenas condimentum eget',	'Sed sollicitudin convallis lorem, id dictum ex cur',	1,	'2024-12-23 17:46:01.612+00',	'2024-12-23 17:46:01.612+00'),
(351,	'BB1010168',	'Maecenas condimentum eget',	'Sed sollicitudin convallis lorem, id dictum ex cur',	1,	'2024-12-23 17:46:01.612+00',	'2024-12-23 17:46:01.612+00'),
(352,	'BB1010169',	'Maecenas condimentum eget',	'Sed sollicitudin convallis lorem, id dictum ex cur',	1,	'2024-12-23 17:46:01.612+00',	'2024-12-23 17:46:01.612+00'),
(353,	'BB1010170',	'Maecenas condimentum eget',	'Sed sollicitudin convallis lorem, id dictum ex cur',	1,	'2024-12-23 17:46:01.612+00',	'2024-12-23 17:46:01.612+00'),
(354,	'BB1010171',	'Maecenas condimentum eget',	'Sed sollicitudin convallis lorem, id dictum ex cur',	1,	'2024-12-23 17:46:01.612+00',	'2024-12-23 17:46:01.612+00'),
(355,	'BB1010172',	'Maecenas condimentum eget',	'Sed sollicitudin convallis lorem, id dictum ex cur',	1,	'2024-12-23 17:46:01.612+00',	'2024-12-23 17:46:01.612+00'),
(356,	'BB1010173',	'Maecenas condimentum eget',	'Sed sollicitudin convallis lorem, id dictum ex cur',	1,	'2024-12-23 17:46:01.612+00',	'2024-12-23 17:46:01.612+00'),
(357,	'BB1010174',	'Maecenas condimentum eget',	'Sed sollicitudin convallis lorem, id dictum ex cur',	1,	'2024-12-23 17:46:01.612+00',	'2024-12-23 17:46:01.612+00'),
(358,	'BB1010175',	'Maecenas condimentum eget',	'Sed sollicitudin convallis lorem, id dictum ex cur',	1,	'2024-12-23 17:46:01.612+00',	'2024-12-23 17:46:01.612+00'),
(359,	'BB1010176',	'Maecenas condimentum eget',	'Sed sollicitudin convallis lorem, id dictum ex cur',	1,	'2024-12-23 17:46:01.612+00',	'2024-12-23 17:46:01.612+00'),
(360,	'BB1010177',	'Maecenas condimentum eget',	'Sed sollicitudin convallis lorem, id dictum ex cur',	1,	'2024-12-23 17:46:01.612+00',	'2024-12-23 17:46:01.612+00'),
(361,	'BB1010178',	'Maecenas condimentum eget',	'Sed sollicitudin convallis lorem, id dictum ex cur',	1,	'2024-12-23 17:46:01.612+00',	'2024-12-23 17:46:01.612+00'),
(362,	'BB1010179',	'Maecenas condimentum eget',	'Sed sollicitudin convallis lorem, id dictum ex cur',	1,	'2024-12-23 17:46:01.612+00',	'2024-12-23 17:46:01.612+00'),
(363,	'BB1010180',	'Maecenas condimentum eget',	'Sed sollicitudin convallis lorem, id dictum ex cur',	1,	'2024-12-23 17:46:01.612+00',	'2024-12-23 17:46:01.612+00');

-- 2024-12-23 18:14:02.059308+00